Group,0,1,2,3,4,5,6,7,8,9,10,11,12,13,14,15,16,17,18,19,20,21,22,23,24,25,26,27,28,29,30,31

AddrOut,/PC_OUT_EN,/PC_OUT_EN++,/AR_OUT_EN,/AR_OUT_EN++,/AR_OUT_EN_WR,/AR_OUT_EN_WR++,/SP_OUT_EN,/SP_OUT_EN_WR,,,,,,,,,
AddrOut,106562,8912,8286,2192,288,0,2472,2360

OutputEn,,none_1,none_2,none_3,none_4,none_5,none_6,none_7,/OE_iDB,/OE_iDB_LD_SP,/OE_A_BCD,/OE_A,/OE_X,/OE_Y,/OE_SP,/OE_SR,/OE_PC_H,/OE_PC_L,/OE_PC_L_BR,/OE_BRKL,/OE_SIX_L,/OE_SIX_H,/CH_SR,/ACK_EXC,/OE_ALU,/OE_ALU_NZ,/OE_ALU_NZC,/OE_ALU_NZCV,/OE_ALU_SH,/OE_ALU_HDCY,/OE_ALU_FDCY,/OE_ALU_NZV
OutputEn,103877,0,0,0,0,0,0,0,12572,32,8,524,416,216,840,528,832,784,64,2056,1282,2,568,1280,4033,480,184,122,88,8,260,16

LoadSel,,/LD_IR,/LD_A,/LD_X,/LD_Y,/LD_AL,/LD_PC_H,/LD_AR_ZP,/LD_AR_H,/LD_ALU_A,/LD_ALU_B,/LD_ALU_AB,/LD_ALU_AH,/LD_SR,/LD_SP*,/LD_SP
LoadSel,101435,7344,444,72,64,4688,2144,440,2371,1432,72,904,214,2064,3704,3680

AluCode,A,A + 1,A - 1,A + A,A + A + Cy,A + B,A + B + Cy,A - B,A - B - !Cy,B,A & B,A | B,A ^ B,!A,!B,A  Cy
AluCode,117720,343,4872,112,112,1064,128,256,96,2568,640,129,2688,0,264,80
